lsoa_code,ics_score_z,rDERI_score_0_10,ics_pct,deri_pct,ics_z,deri_z,ics_rank_desc,deri_rank_desc,ics_high,deri_high,quadrant,overlooked_flag
E01000917,1.9142957463498664,4.599210341293036,0.9985456056513609,0.7984624974028672,3.073568402131996,0.7643674871305833,8,971,1,0,Q2: High ICS & Low DERI (OVERLOOKED areas),1
E01001800,1.908936229825172,4.980313402262874,0.9983378350301267,0.8763764803656763,3.064963231968287,1.1169010938998742,9,596,1,0,Q2: High ICS & Low DERI (OVERLOOKED areas),1
E01002051,1.8601257573632688,5.004765288749512,0.9972989819239559,0.8803241221691253,2.9865937709599244,1.1395199406588352,14,577,1,0,Q2: High ICS & Low DERI (OVERLOOKED areas),1
E01001808,1.815826103877922,4.056492461110018,0.9962601288177851,0.6293372117182631,2.9154668223483626,0.2623345428865454,19,1785,1,0,Q2: High ICS & Low DERI (OVERLOOKED areas),1
E01000034,1.7787594416901666,4.757115101677791,0.9958445875753168,0.8341990442551424,2.8559530706775362,0.9104348909525749,21,799,1,0,Q2: High ICS & Low DERI (OVERLOOKED areas),1
E01001824,1.7716434301661643,5.126912084850622,0.9956368169540827,0.8969457718678578,2.8445276949428386,1.2525099819228844,22,497,1,0,Q2: High ICS & Low DERI (OVERLOOKED areas),1
E01001826,1.7668540961837689,5.091477276052028,0.9952212757116143,0.8913359650945356,2.836838002467882,1.219731549445436,24,524,1,0,Q2: High ICS & Low DERI (OVERLOOKED areas),1
E01001814,1.7062801443980562,4.257374016969438,0.9939746519842094,0.6987325992104716,2.7395812517511584,0.4481569795794711,30,1451,1,0,Q2: High ICS & Low DERI (OVERLOOKED areas),1
E01002763,1.67751966818104,4.058672097396079,0.993351340120507,0.6299605235819655,2.6934038044578426,0.26435078237676335,33,1782,1,0,Q2: High ICS & Low DERI (OVERLOOKED areas),1
E01000290,1.6617472478998492,4.9368557218268565,0.9929357988780386,0.8655724080615002,2.6680798111857214,1.0767012256885058,35,648,1,0,Q2: High ICS & Low DERI (OVERLOOKED areas),1
E01000750,1.6583118964906995,4.767378937320228,0.9927280282568045,0.8358612092250156,2.662564055555216,0.9199292964530386,36,791,1,0,Q2: High ICS & Low DERI (OVERLOOKED areas),1
E01001809,1.6448173169400575,4.281024241916917,0.992104716393102,0.7062123415749013,2.64089733379292,0.470034261489573,39,1415,1,0,Q2: High ICS & Low DERI (OVERLOOKED areas),1
E01001802,1.6301480063663036,4.718620548143166,0.9916891751506337,0.8267193018907126,2.6173444791483216,0.8748260880109239,41,835,1,0,Q2: High ICS & Low DERI (OVERLOOKED areas),1
E01004088,1.6271449791949812,4.781797966365157,0.9914814045293996,0.840432162892167,2.6125228577023565,0.9332674005931207,42,769,1,0,Q2: High ICS & Low DERI (OVERLOOKED areas),1
E01001812,1.6063425977057924,4.372534602869649,0.9910658632869312,0.7350924579264492,2.5791228240052746,0.5546845330495265,44,1276,1,0,Q2: High ICS & Low DERI (OVERLOOKED areas),1
E01002055,1.6060472693734107,3.5411775423259453,0.990858092665697,0.4365260752129649,2.5786486486682643,-0.21434970750668605,45,2713,1,0,Q2: High ICS & Low DERI (OVERLOOKED areas),1
E01000167,1.5892390052626295,4.668900977524157,0.9896114689382921,0.8142530646166632,2.551661517988957,0.8288337532531428,51,895,1,0,Q2: High ICS & Low DERI (OVERLOOKED areas),1
E01000787,1.5815800973234375,4.493059945131911,0.9889881570745896,0.7708290047787243,2.53936447481701,0.6661746730307982,54,1104,1,0,Q2: High ICS & Low DERI (OVERLOOKED areas),1
E01000330,1.5748671362105329,4.607352987355609,0.9885726158321213,0.8015790567213796,2.5285862315906398,0.7718997183799985,56,956,1,0,Q2: High ICS & Low DERI (OVERLOOKED areas),1
E01001609,1.566304823090284,4.941862777343599,0.9881570745896531,0.8666112611676708,2.5148386927864936,1.0813329264576343,58,643,1,0,Q2: High ICS & Low DERI (OVERLOOKED areas),1
E01001728,1.5619818482972867,4.044174767023441,0.9879493039684188,0.6247662580511115,2.5078977805725344,0.2509402467809955,59,1807,1,0,Q2: High ICS & Low DERI (OVERLOOKED areas),1
E01004615,1.555516458961498,4.867213984393709,0.9877415333471847,0.8555994182422605,2.4975170353779363,1.012280192657416,60,696,1,0,Q2: High ICS & Low DERI (OVERLOOKED areas),1
E01001725,1.5404182125762595,4.047378512115726,0.986910450862248,0.6264284230209848,2.4732754869621507,0.2539038225908523,64,1799,1,0,Q2: High ICS & Low DERI (OVERLOOKED areas),1
E01002363,1.5384336648227772,4.753399058023136,0.9867026802410139,0.8335757323914399,2.4700891228492616,0.906997421127079,65,802,1,0,Q2: High ICS & Low DERI (OVERLOOKED areas),1
E01001959,1.518689064524682,4.979489796880628,0.9852482858923748,0.8759609391232079,2.4383874489022412,1.1161392302317659,72,598,1,0,Q2: High ICS & Low DERI (OVERLOOKED areas),1
E01003346,1.5184621347953735,4.804341387188276,0.9850405152711407,0.8441720340743819,2.4380230934744884,0.954120850133693,73,751,1,0,Q2: High ICS & Low DERI (OVERLOOKED areas),1
E01002278,1.485241589221781,4.51269470429809,0.9837938915437358,0.7762310409308124,2.384684616715465,0.6843375092181654,79,1078,1,0,Q2: High ICS & Low DERI (OVERLOOKED areas),1
E01003375,1.4723955200350334,4.940189760329526,0.982755038437565,0.8659879493039684,2.364059134775553,1.0797853274416185,84,646,1,0,Q2: High ICS & Low DERI (OVERLOOKED areas),1
E01001807,1.461951675862153,4.01945867454408,0.9823394971950966,0.6152088094743403,2.347290634136212,0.22807700027539476,86,1853,1,0,Q2: High ICS & Low DERI (OVERLOOKED areas),1
E01003041,1.4600723279682712,4.769506264616451,0.9819239559526283,0.8364845210887181,2.344273177552368,0.9218971483055208,88,788,1,0,Q2: High ICS & Low DERI (OVERLOOKED areas),1
E01002040,1.455957328308986,5.035678640177244,0.98150841471016,0.8828173696239352,2.337666187513509,1.1681158675674557,90,565,1,0,Q2: High ICS & Low DERI (OVERLOOKED areas),1
E01001799,1.451398106694552,3.4460277340044416,0.9808851028464575,0.3989195927695824,2.3303459604696157,-0.30236659465953186,93,2894,1,0,Q2: High ICS & Low DERI (OVERLOOKED areas),1
E01001489,1.439662009533333,4.183691969372122,0.9804695616039892,0.6725535009349678,2.3115026352060797,0.37999851890606234,95,1577,1,0,Q2: High ICS & Low DERI (OVERLOOKED areas),1
E01002823,1.4359118301365357,4.95068337663609,0.9798462497402868,0.8684811967587783,2.305481395845181,1.0894922880605964,98,634,1,0,Q2: High ICS & Low DERI (OVERLOOKED areas),1
E01001804,1.426609333078544,3.853364856591468,0.9794307084978184,0.5574485767712446,2.2905454273184334,0.07443443294489901,100,2131,1,0,Q2: High ICS & Low DERI (OVERLOOKED areas),1
E01003291,1.4209109306373116,5.136924265497154,0.978807396634116,0.898400166216497,2.2813961463259846,1.2617715977859665,103,490,1,0,Q2: High ICS & Low DERI (OVERLOOKED areas),1
E01003188,1.3875316757222376,5.002570679114497,0.9781840847704134,0.879908580926657,2.2278028479083796,1.1374898502992516,106,579,1,0,Q2: High ICS & Low DERI (OVERLOOKED areas),1
E01001947,1.3700914902374637,4.955709800864574,0.9771452316642427,0.870766673592354,2.199801112473543,1.0941419055627775,111,623,1,0,Q2: High ICS & Low DERI (OVERLOOKED areas),1
E01002342,1.361129400314112,4.180919707482726,0.9769374610430085,0.6713068772075629,2.185411697223573,0.37743408008919577,112,1583,1,0,Q2: High ICS & Low DERI (OVERLOOKED areas),1
E01033729,1.357324144394034,4.090298317702627,0.9767296904217744,0.6403490546436734,2.179302027711807,0.2936061378304151,113,1732,1,0,Q2: High ICS & Low DERI (OVERLOOKED areas),1
E01001727,1.3554172722580993,3.4385939127260072,0.9765219198005402,0.3943486391024309,2.176240378562196,-0.30924313829236344,114,2916,1,0,Q2: High ICS & Low DERI (OVERLOOKED areas),1
E01003351,1.3443249599088367,4.995524023870667,0.9758986079368377,0.8790774984417203,2.1584307058361927,1.1309714487349996,117,583,1,0,Q2: High ICS & Low DERI (OVERLOOKED areas),1
E01001611,1.3335275396459605,4.703547390991545,0.9748597548306669,0.8221483482235612,2.141094508016292,0.8608828925862045,122,857,1,0,Q2: High ICS & Low DERI (OVERLOOKED areas),1
E01001917,1.322299086908624,4.94909904566318,0.9740286723457303,0.8682734261375441,2.123066250050345,1.0880267267219526,126,635,1,0,Q2: High ICS & Low DERI (OVERLOOKED areas),1
E01002282,1.3206490306134222,4.5793580543354055,0.9738209017244962,0.7934760024932475,2.120416941081059,0.7460034301587443,127,995,1,0,Q2: High ICS & Low DERI (OVERLOOKED areas),1
E01002686,1.3149210392058646,4.80516123919816,0.9734053604820279,0.844379804695616,2.1112201524283534,0.9548792418016211,129,750,1,0,Q2: High ICS & Low DERI (OVERLOOKED areas),1
E01002530,1.312039780741275,4.33598563551511,0.9729898192395595,0.7220029087886973,2.106594041237319,0.5208754650971477,131,1339,1,0,Q2: High ICS & Low DERI (OVERLOOKED areas),1
E01000951,1.304077430268502,4.4995449646312045,0.9721587367546229,0.7722833991273634,2.093809794672242,0.6721735419672931,135,1097,1,0,Q2: High ICS & Low DERI (OVERLOOKED areas),1
E01003656,1.3038676745294708,4.389185325272951,0.9719509661333887,0.7411178059422397,2.093473013580354,0.5700870312850755,136,1247,1,0,Q2: High ICS & Low DERI (OVERLOOKED areas),1
E01002291,1.2966938076108463,4.232302826830744,0.9715354248909204,0.6900062331186371,2.0819547459750334,0.42496525536948926,138,1493,1,0,Q2: High ICS & Low DERI (OVERLOOKED areas),1
E01001726,1.2966655570247123,4.54074486419232,0.9713276542696863,0.783710783295242,2.081909387200639,0.7102848842216707,139,1042,1,0,Q2: High ICS & Low DERI (OVERLOOKED areas),1
E01000955,1.2896968898792525,4.755963332717012,0.9702888011635155,0.8339912736339081,2.0707205856875492,0.9093694645430487,144,800,1,0,Q2: High ICS & Low DERI (OVERLOOKED areas),1
E01001442,1.2888368158416188,4.966758751404269,0.9700810305422813,0.8732599210471639,2.0693396619767768,1.1043625696919546,145,611,1,0,Q2: High ICS & Low DERI (OVERLOOKED areas),1
E01001349,1.2809815554264965,4.91479252666039,0.9692499480573447,0.861416995636817,2.056727357818198,1.0562920016085535,149,668,1,0,Q2: High ICS & Low DERI (OVERLOOKED areas),1
E01003267,1.279106246118766,4.936502665214952,0.9690421774361105,0.8653646374402659,2.0537163855358562,1.0763746360240944,150,649,1,0,Q2: High ICS & Low DERI (OVERLOOKED areas),1
E01001405,1.278753957823784,5.03584095517328,0.9688344068148764,0.8830251402451693,2.0531507560222546,1.1682660145928816,151,564,1,0,Q2: High ICS & Low DERI (OVERLOOKED areas),1
E01002375,1.2786470338303064,4.696758393215546,0.9686266361936422,0.820693953874922,2.0529790802462364,0.8546028331549552,152,864,1,0,Q2: High ICS & Low DERI (OVERLOOKED areas),1
E01002845,1.2745223594518966,4.217567924430702,0.9682110949511739,0.6839808851028465,2.0463565566039326,0.41133495737277076,154,1522,1,0,Q2: High ICS & Low DERI (OVERLOOKED areas),1
E01000428,1.266811150795617,4.897934605918043,0.9677955537087056,0.8593392894244753,2.033975540079511,1.0406978376918254,156,678,1,0,Q2: High ICS & Low DERI (OVERLOOKED areas),1
E01000341,1.2622792111596586,4.075205640290124,0.9669644712237689,0.6355703303552878,2.026699116626128,0.2796448854844102,160,1755,1,0,Q2: High ICS & Low DERI (OVERLOOKED areas),1
E01032570,1.2508779092380704,4.04181547483363,0.9661333887388324,0.6235196343237066,2.008393334253588,0.24875781932166163,164,1813,1,0,Q2: High ICS & Low DERI (OVERLOOKED areas),1
E01001723,1.2508133347261357,3.228165863845041,0.9659256181175981,0.3170579680033243,2.0082896542554245,-0.5038964135734632,165,3288,1,0,Q2: High ICS & Low DERI (OVERLOOKED areas),1
E01000739,1.2502412375163914,4.829562881982239,0.965717847496364,0.8481196758778309,2.007371102401475,0.9774516113855226,166,732,1,0,Q2: High ICS & Low DERI (OVERLOOKED areas),1
E01001621,1.245132907334419,5.129894373978829,0.9653023062538957,0.8975690837315603,1.9991692337691565,1.2552687032517558,168,494,1,0,Q2: High ICS & Low DERI (OVERLOOKED areas),1
E01002297,1.2445354700896043,4.667964420225222,0.9648867650114273,0.8138375233741949,1.9982099962838196,0.8279674051275223,170,897,1,0,Q2: High ICS & Low DERI (OVERLOOKED areas),1
E01002246,1.2357626248392426,4.426544644631258,0.9642634531477249,0.7542073550799917,1.9841244298243426,0.6046457030688012,173,1184,1,0,Q2: High ICS & Low DERI (OVERLOOKED areas),1
E01002548,1.2321906191258654,4.744208173241745,0.9638479119052566,0.8319135674215666,1.9783892638167884,0.898495532548333,175,810,1,0,Q2: High ICS & Low DERI (OVERLOOKED areas),1
E01002277,1.2311895830935355,4.120709042611164,0.9636401412840224,0.651776438811552,1.9767820133570664,0.32173711770025115,176,1677,1,0,Q2: High ICS & Low DERI (OVERLOOKED areas),1
E01001602,1.2263004515808154,4.659602378370173,0.9632246000415541,0.8127986702680241,1.9689320872628264,0.8202322251276178,178,902,1,0,Q2: High ICS & Low DERI (OVERLOOKED areas),1
E01004177,1.215424392935238,5.114416589667458,0.9626012881778516,0.894452524413048,1.9514696286764133,1.240951213609455,181,509,1,0,Q2: High ICS & Low DERI (OVERLOOKED areas),1
E01004090,1.2143048293028595,4.30834899004897,0.9621857469353834,0.7134843133180968,1.9496720718405818,0.49531060534401816,183,1380,1,0,Q2: High ICS & Low DERI (OVERLOOKED areas),1
E01000941,1.2009372100823976,4.888909694055405,0.9601080407230418,0.8583004363183045,1.9282091959364347,1.0323494798444386,193,683,1,0,Q2: High ICS & Low DERI (OVERLOOKED areas),1
E01002303,1.1941289503285135,4.926074864314213,0.9599002701018076,0.8630791606066902,1.9172779424491164,1.066728556948123,194,660,1,0,Q2: High ICS & Low DERI (OVERLOOKED areas),1
E01000840,1.1896247054919755,4.461122969506044,0.9596924994805734,0.7623104093081239,1.910045985406195,0.6366318580819019,195,1145,1,0,Q2: High ICS & Low DERI (OVERLOOKED areas),1
E01004150,1.1839526623034529,4.392368405217335,0.959069187616871,0.7423644296696447,1.9009390264877455,0.5730314911132722,198,1241,1,0,Q2: High ICS & Low DERI (OVERLOOKED areas),1
E01001440,1.1796074560674117,4.789154777303541,0.9584458757531685,0.8418865572408062,1.8939624197574068,0.9400727069788224,201,762,1,0,Q2: High ICS & Low DERI (OVERLOOKED areas),1
E01000752,1.1756405546177675,4.063109177142225,0.9582381051319343,0.6320382297943071,1.887593214281583,0.26845523570351215,202,1772,1,0,Q2: High ICS & Low DERI (OVERLOOKED areas),1
E01032569,1.1730231456932745,4.4125320564755945,0.9580303345107002,0.7498441720340744,1.8833907364872715,0.5916835709092808,203,1205,1,0,Q2: High ICS & Low DERI (OVERLOOKED areas),1
E01002606,1.172499436763471,4.967557428558761,0.9578225638894661,0.8734676916683981,1.8825498762274981,1.105101373881039,204,610,1,0,Q2: High ICS & Low DERI (OVERLOOKED areas),1
E01002878,1.1680311605857407,4.953400484063134,0.9569914814045294,0.8695200498649491,1.8753756699962734,1.0920057070785327,208,629,1,0,Q2: High ICS & Low DERI (OVERLOOKED areas),1
E01000370,1.168005783690751,3.956639881915465,0.9567837107832953,0.596301682942032,1.8753349251830784,0.16996742885946078,209,1944,1,0,Q2: High ICS & Low DERI (OVERLOOKED areas),1
E01000819,1.1664968796016977,4.788359979166117,0.956575940162061,0.841678786619572,1.8729122483637808,0.9393374910156476,210,763,1,0,Q2: High ICS & Low DERI (OVERLOOKED areas),1
E01000111,1.1645569073643165,4.370465625549027,0.9561603989195928,0.7340536048202784,1.8697974541209386,0.5527706569570421,212,1281,1,0,Q2: High ICS & Low DERI (OVERLOOKED areas),1
E01000379,1.1554493935271275,3.5201391680885408,0.9555370870558902,0.42738416787866196,1.855174548122563,-0.23381093652856821,215,2757,1,0,Q2: High ICS & Low DERI (OVERLOOKED areas),1
E01000388,1.154352652605096,3.7625577755167807,0.9553293164346561,0.5212964886765011,1.853413635134218,-0.00956528022975974,216,2305,1,0,Q2: High ICS & Low DERI (OVERLOOKED areas),1
E01004592,1.1481639806200457,4.589168687581708,0.9547060045709537,0.7959692499480574,1.8434771837260802,0.7550786076558975,219,983,1,0,Q2: High ICS & Low DERI (OVERLOOKED areas),1
E01004719,1.137861858498305,5.11761797263779,0.9542904633284853,0.8950758362767505,1.8269362301724488,1.2439126043742228,221,506,1,0,Q2: High ICS & Low DERI (OVERLOOKED areas),1
E01001545,1.1302157220639586,4.9119964264272,0.9534593808435488,0.8603781425306462,1.8146596927629037,1.05370551149329,225,673,1,0,Q2: High ICS & Low DERI (OVERLOOKED areas),1
E01000908,1.1277148205764556,4.615692783826784,0.9532516102223145,0.8024101392063162,1.8106442777971175,0.7796143206249218,226,952,1,0,Q2: High ICS & Low DERI (OVERLOOKED areas),1
E01000729,1.1249306417660565,4.695082511756897,0.9528360689798463,0.8204861832536879,1.806174036438725,0.8530525844279256,228,865,1,0,Q2: High ICS & Low DERI (OVERLOOKED areas),1
E01003065,1.1210331979482384,5.06516140445004,0.9522127571161437,0.8880116351547891,1.7999163512349776,1.1953884515245814,231,540,1,0,Q2: High ICS & Low DERI (OVERLOOKED areas),1
E01004744,1.1204215048303654,3.7806025342843945,0.9520049864949096,0.5293995429046333,1.7989342247049045,0.0071267502027434915,232,2266,1,0,Q2: High ICS & Low DERI (OVERLOOKED areas),1
E01002368,1.1136114108227555,4.310639593810616,0.951173904009973,0.7138998545605652,1.7880000261636135,0.4974294936146009,236,1378,1,0,Q2: High ICS & Low DERI (OVERLOOKED areas),1
E01002325,1.110292433967938,5.034119914319789,0.9507583627675047,0.882609599002701,1.7826711200069627,1.166673991852538,238,566,1,0,Q2: High ICS & Low DERI (OVERLOOKED areas),1
E01002729,1.1047027578519597,3.923813863605499,0.949927280282568,0.5854976106378558,1.7736964085910376,0.1396022184587945,242,1996,1,0,Q2: High ICS & Low DERI (OVERLOOKED areas),1
E01000398,1.103791190943121,4.934919964178552,0.9497195096613339,0.8649490961977976,1.7722328085946537,1.074910582433499,243,651,1,0,Q2: High ICS & Low DERI (OVERLOOKED areas),1
E01000413,1.1011787013910193,3.469613795996452,0.9495117390400998,0.40764595886141697,1.7680382292807986,-0.2805486657182956,244,2852,1,0,Q2: High ICS & Low DERI (OVERLOOKED areas),1
E01000434,1.1005624599704875,4.400106741382771,0.9493039684188656,0.7456887596093912,1.767048800055015,0.580189721624075,245,1225,1,0,Q2: High ICS & Low DERI (OVERLOOKED areas),1
E01000339,1.098909710191193,4.101678919032458,0.9490961977976314,0.6426345314772491,1.764395166462632,0.30413359049321675,246,1721,1,0,Q2: High ICS & Low DERI (OVERLOOKED areas),1
E01000029,1.097272272213175,4.723403265390257,0.9488884271763972,0.8283814668605859,1.7617661172996257,0.8792502680660088,247,827,1,0,Q2: High ICS & Low DERI (OVERLOOKED areas),1
E01000902,1.0940125316761784,4.968715712732009,0.9486806565551631,0.8738832329108664,1.7565323202059608,1.1061728270890496,248,608,1,0,Q2: High ICS & Low DERI (OVERLOOKED areas),1
E01003014,1.0915389256211858,3.827527343538196,0.9482651153126948,0.5466445044670684,1.7525607304323094,0.050533833344783285,250,2183,1,0,Q2: High ICS & Low DERI (OVERLOOKED areas),1
E01002572,1.0899197976495234,4.3851513704138005,0.9480573446914606,0.7398711822148348,1.7499610795778378,0.5663554825212795,251,1253,1,0,Q2: High ICS & Low DERI (OVERLOOKED areas),1
E01000730,1.085548676870464,4.311400652168178,0.9476418034489923,0.7141076251817993,1.742942864793609,0.49813349910610893,253,1377,1,0,Q2: High ICS & Low DERI (OVERLOOKED areas),1
E01001186,1.0844583999414843,4.6416168919660175,0.947226262206524,0.8090587990858092,1.7411923303086028,0.8035950236960114,255,920,1,0,Q2: High ICS & Low DERI (OVERLOOKED areas),1
E01002280,1.0837165057624931,4.800567946125979,0.9470184915852898,0.842925410346977,1.7400011546448524,0.9506302857067437,256,757,1,0,Q2: High ICS & Low DERI (OVERLOOKED areas),1
E01003995,1.0816508614806022,4.945108490060071,0.9463951797215874,0.8672345730313734,1.7366845829986108,1.0843353237817677,259,640,1,0,Q2: High ICS & Low DERI (OVERLOOKED areas),1
E01002728,1.0770990149125852,4.859281022841961,0.945979638479119,0.8539372532723872,1.7293761972335135,1.0049419268846804,261,704,1,0,Q2: High ICS & Low DERI (OVERLOOKED areas),1
E01000449,1.0758842715794397,3.4423427362885044,0.9457718678578849,0.3968418865572408,1.727425821105595,-0.3057753459102565,262,2904,1,0,Q2: High ICS & Low DERI (OVERLOOKED areas),1
E01002324,1.075881268526184,4.758563962310387,0.9455640972366507,0.8346145854976106,1.7274209994422685,0.9117751375074439,263,797,1,0,Q2: High ICS & Low DERI (OVERLOOKED areas),1
E01003286,1.072122975483015,5.011172570239938,0.9449407853729482,0.8807396634115936,1.7213867329160732,1.1454468992291962,266,575,1,0,Q2: High ICS & Low DERI (OVERLOOKED areas),1
E01000454,1.0694825041564828,3.970103342065632,0.9447330147517141,0.6004570953667151,1.7171472264284056,0.1824215984855312,267,1924,1,0,Q2: High ICS & Low DERI (OVERLOOKED areas),1
E01002361,1.0677521611882843,4.664374216683307,0.9443174735092458,0.8136297527529607,1.714369010219104,0.8246463417898355,269,898,1,0,Q2: High ICS & Low DERI (OVERLOOKED areas),1
E01002553,1.058278747861629,4.648361866013465,0.9436941616455433,0.8107209640556825,1.6991586207499407,0.8098343596448248,272,912,1,0,Q2: High ICS & Low DERI (OVERLOOKED areas),1
E01000663,1.0572434991929356,4.389205036587541,0.9430708497818409,0.741325576563474,1.697496438925365,0.5701052649376961,275,1246,1,0,Q2: High ICS & Low DERI (OVERLOOKED areas),1
E01001805,1.0564559002300833,3.2755775573131984,0.9426553085393725,0.3353417826719302,1.696231880253911,-0.46003894557298336,277,3200,1,0,Q2: High ICS & Low DERI (OVERLOOKED areas),1
E01002348,1.0550956881162727,4.358249683210663,0.9424475379181384,0.7286515686681904,1.6940479413399907,0.5414704847630172,278,1307,1,0,Q2: High ICS & Low DERI (OVERLOOKED areas),1
E01002467,1.0542542396846484,3.6355104914164498,0.9422397672969042,0.4755869520049865,1.6926969226604605,-0.12708844359704935,279,2525,1,0,Q2: High ICS & Low DERI (OVERLOOKED areas),1
E01003235,1.0540863581072166,5.113776490630823,0.9420319966756701,0.8938292125493456,1.6924273741788958,1.24035909970331,280,512,1,0,Q2: High ICS & Low DERI (OVERLOOKED areas),1
E01000374,1.054074972606685,3.769972695837761,0.9418242260544359,0.5254519011011843,1.6924090937670297,-0.0027062206409706824,281,2285,1,0,Q2: High ICS & Low DERI (OVERLOOKED areas),1
E01000060,1.0539971102159855,4.427660372182502,0.9414086848119676,0.7548306669436942,1.692284078923203,0.6056777899190375,283,1181,1,0,Q2: High ICS & Low DERI (OVERLOOKED areas),1
E01001645,1.0511903371905311,4.558452147546647,0.9409931435694993,0.7882817369623936,1.687777560586398,0.7266647381412403,285,1020,1,0,Q2: High ICS & Low DERI (OVERLOOKED areas),1
E01001577,1.0506110867284582,4.509542882500607,0.9407853729482651,0.7751921878246416,1.686847523563361,0.6814219642647008,286,1083,1,0,Q2: High ICS & Low DERI (OVERLOOKED areas),1
E01002441,1.047176857651985,4.390661228160572,0.9405776023270309,0.7417411178059422,1.6813335699356329,0.5714522928678349,287,1244,1,0,Q2: High ICS & Low DERI (OVERLOOKED areas),1
E01002701,1.042973954770033,4.192852215343414,0.9395387492208602,0.6765011427384168,1.6745854436234737,0.38847206551819247,292,1558,1,0,Q2: High ICS & Low DERI (OVERLOOKED areas),1
E01000289,1.039461174234932,4.958301402382188,0.9387076667359235,0.8715977560772906,1.6689453687933973,1.0965392272426084,296,619,1,0,Q2: High ICS & Low DERI (OVERLOOKED areas),1
E01003263,1.0357189531627349,4.58588597796368,0.9378765842509869,0.7953459380843548,1.662936907215175,0.7520419869090722,300,986,1,0,Q2: High ICS & Low DERI (OVERLOOKED areas),1
E01000748,1.0354956951614285,4.529218454789181,0.9376688136297527,0.7799709121130273,1.6625784470662417,0.6996225540119703,301,1060,1,0,Q2: High ICS & Low DERI (OVERLOOKED areas),1
E01002265,1.0352500391674373,3.634758532590927,0.9374610430085186,0.47537918138375235,1.6621840249909876,-0.12778403170444713,302,2526,1,0,Q2: High ICS & Low DERI (OVERLOOKED areas),1
E01003229,1.035113819428746,5.114056719335972,0.9372532723872844,0.8942447537918138,1.661965312346723,1.2406183210170803,303,510,1,0,Q2: High ICS & Low DERI (OVERLOOKED areas),1
E01000380,1.0328718554624716,4.624801879419447,0.9368377311448162,0.8053189279035944,1.658365644103925,0.7880405513550441,305,938,1,0,Q2: High ICS & Low DERI (OVERLOOKED areas),1
E01001321,1.029681620884099,4.776683591905639,0.9364221899023478,0.8385622273010597,1.6532434448752156,0.9285364260635691,307,778,1,0,Q2: High ICS & Low DERI (OVERLOOKED areas),1
E01033604,1.028281272721174,5.017539901561836,0.9362144192811136,0.8809474340328277,1.650995064041817,1.1513369025020415,308,574,1,0,Q2: High ICS & Low DERI (OVERLOOKED areas),1
E01001145,1.0255386783529294,4.406561555614342,0.9360066486598795,0.7473509245792644,1.6465915901239674,0.586160649635754,309,1217,1,0,Q2: High ICS & Low DERI (OVERLOOKED areas),1
E01001625,1.023524629304455,5.1265121810591605,0.9355911074174111,0.8967380012466237,1.643357859114776,1.252140056985504,311,498,1,0,Q2: High ICS & Low DERI (OVERLOOKED areas),1
E01000470,1.0197896994333442,4.853110271814476,0.935383336796177,0.8528984001662165,1.6373611041943754,0.999233767231859,312,709,1,0,Q2: High ICS & Low DERI (OVERLOOKED areas),1
E01002437,1.0184002208701195,4.283462525036806,0.9351755661749429,0.7066278828173697,1.6351301754491643,0.4722897583108048,313,1413,1,0,Q2: High ICS & Low DERI (OVERLOOKED areas),1
E01001079,1.0153677257244236,4.541448948999426,0.9347600249324746,0.7845418657801787,1.6302612406060495,0.710936187194386,315,1038,1,0,Q2: High ICS & Low DERI (OVERLOOKED areas),1
E01000368,1.0090075846434188,4.321208180852433,0.9337211718263038,0.7168086432578433,1.6200494806431742,0.5072058047752238,320,1364,1,0,Q2: High ICS & Low DERI (OVERLOOKED areas),1
E01000458,1.007657713120775,3.912437910219487,0.9335134012050696,0.5811344275919385,1.6178821444482068,0.12907906530593238,321,2017,1,0,Q2: High ICS & Low DERI (OVERLOOKED areas),1
E01000459,1.0067760989292438,4.345627482717472,0.9330978599626013,0.7232495325161022,1.6164666361459354,0.5297945096241504,323,1333,1,0,Q2: High ICS & Low DERI (OVERLOOKED areas),1
E01000327,1.0052395548691084,3.111294667737869,0.9328900893413671,0.27093289008934135,1.6139995809478445,-0.6120063410724795,324,3510,1,0,Q2: High ICS & Low DERI (OVERLOOKED areas),1
E01002758,1.004087202105151,4.615918968060619,0.932682318720133,0.8028256804487846,1.6121493783079637,0.7798235489201373,325,950,1,0,Q2: High ICS & Low DERI (OVERLOOKED areas),1
E01001172,1.0038679545872966,4.126335954227,0.9324745480988988,0.6544774568875961,1.6117973573392037,0.3269422069531542,326,1664,1,0,Q2: High ICS & Low DERI (OVERLOOKED areas),1
E01001066,1.001770297305154,4.869607138997983,0.9320590068564305,0.8560149594847288,1.608429386035298,1.0144939440296938,328,694,1,0,Q2: High ICS & Low DERI (OVERLOOKED areas),1
E01002076,1.0009527332004626,4.782380295795972,0.9318512362351964,0.8406399335134012,1.6071167157210644,0.9338060756015307,329,768,1,0,Q2: High ICS & Low DERI (OVERLOOKED areas),1
E01000028,1.0006571503359076,5.124822081213093,0.931435694992728,0.8965302306253896,1.6066421317105006,1.2505766557548288,331,499,1,0,Q2: High ICS & Low DERI (OVERLOOKED areas),1
E01002534,0.9993690852132622,3.776274826545662,0.9312279243714938,0.5275296073135258,1.604574031069103,0.00312346979272475,332,2275,1,0,Q2: High ICS & Low DERI (OVERLOOKED areas),1
E01002439,0.9979625936662369,3.6508896915991578,0.9308123831290256,0.47974236442966967,1.6023157864979358,-0.11286214770784872,334,2505,1,0,Q2: High ICS & Low DERI (OVERLOOKED areas),1
E01003841,0.9948595673818194,4.202438092904583,0.9306046125077914,0.6800332432993975,1.5973336077740077,0.39733933617744116,335,1541,1,0,Q2: High ICS & Low DERI (OVERLOOKED areas),1
E01000021,0.9887947887015888,4.389411444593525,0.9299813006440889,0.7415333471847081,1.5875960778479115,0.570296199533263,338,1245,1,0,Q2: High ICS & Low DERI (OVERLOOKED areas),1
E01002511,0.9871711326500766,4.233733877429312,0.9297735300228548,0.6906295449823395,1.5849891567672092,0.4262890270224871,339,1490,1,0,Q2: High ICS & Low DERI (OVERLOOKED areas),1
E01000559,0.9867208306988006,4.446724078730427,0.9295657594016206,0.7596093912320798,1.5842661577993122,0.623312382542431,340,1158,1,0,Q2: High ICS & Low DERI (OVERLOOKED areas),1
E01001133,0.9854233953440676,5.093682778970362,0.9293579887803864,0.891751506337004,1.5821830124349034,1.2217717164715471,341,522,1,0,Q2: High ICS & Low DERI (OVERLOOKED areas),1
E01001780,0.9850441120325416,4.587521037980512,0.9291502181591523,0.7955537087055891,1.5815740400731433,0.7535544743804431,342,985,1,0,Q2: High ICS & Low DERI (OVERLOOKED areas),1
E01001620,0.9848260381585832,4.4083914415164,0.9289424475379181,0.7481820070642011,1.5812239034917883,0.5878533578375386,343,1213,1,0,Q2: High ICS & Low DERI (OVERLOOKED areas),1
E01000435,0.9833708999344076,4.320192411232804,0.9285269062954499,0.716393102015375,1.5788875524472392,0.5062661824936728,345,1366,1,0,Q2: High ICS & Low DERI (OVERLOOKED areas),1
E01001647,0.9826980319631043,4.248326384854498,0.9283191356742156,0.6954082692707251,1.577807204366569,0.4397876047072661,346,1467,1,0,Q2: High ICS & Low DERI (OVERLOOKED areas),1
E01004752,0.9819502410413652,4.402922623258207,0.9281113650529815,0.7463120714730938,1.5766065609692042,0.5827945104474904,347,1222,1,0,Q2: High ICS & Low DERI (OVERLOOKED areas),1
E01001388,0.97922094763062,5.137377144909654,0.9279035944317473,0.8986079368377311,1.5722244428960646,1.2621905270181641,348,489,1,0,Q2: High ICS & Low DERI (OVERLOOKED areas),1
E01000658,0.9778600895571644,3.57260664241935,0.9276958238105132,0.4512777893205901,1.5700394668377233,-0.18527669511669126,349,2642,1,0,Q2: High ICS & Low DERI (OVERLOOKED areas),1
E01000399,0.9775814072419884,4.731927780033843,0.9274880531892791,0.8300436318304591,1.5695920181298675,0.8871357410548988,350,819,1,0,Q2: High ICS & Low DERI (OVERLOOKED areas),1
E01003239,0.974516136871472,4.37894303406641,0.9270725119468107,0.7380012466237275,1.5646704598112142,0.5606125551382959,352,1262,1,0,Q2: High ICS & Low DERI (OVERLOOKED areas),1
E01002408,0.974280624211762,4.538870757732575,0.9268647413255766,0.7832952420527738,1.564292323741818,0.7085512704636437,353,1044,1,0,Q2: High ICS & Low DERI (OVERLOOKED areas),1
E01004723,0.972675230190496,4.881639714355153,0.926241429461874,0.8578848950758363,1.5617147239398317,1.0256244953786948,356,685,1,0,Q2: High ICS & Low DERI (OVERLOOKED areas),1
E01002807,0.9699252007478856,4.391897138287767,0.9258258882194058,0.7421566590484105,1.5572993123630903,0.5725955527872754,358,1242,1,0,Q2: High ICS & Low DERI (OVERLOOKED areas),1
E01003980,0.967593903142181,4.94369314877139,0.9256181175981716,0.8670268024101392,1.5535562111884038,1.083026083787635,359,641,1,0,Q2: High ICS & Low DERI (OVERLOOKED areas),1
E01002710,0.9650912398894288,4.116583470580523,0.9254103469769375,0.6501142738416787,1.5495379675552017,0.31792081986142745,360,1685,1,0,Q2: High ICS & Low DERI (OVERLOOKED areas),1
E01000427,0.9635743926484044,4.16268530539165,0.9252025763557034,0.6642426760856015,1.547102537314204,0.3605666229764408,361,1617,1,0,Q2: High ICS & Low DERI (OVERLOOKED areas),1
E01002311,0.9629100941874392,4.497212054546439,0.9249948057344691,0.7716600872636609,1.5460359483280974,0.6700155188741225,362,1100,1,0,Q2: High ICS & Low DERI (OVERLOOKED areas),1
E01032566,0.9624567223353748,4.8767038408803485,0.924787035113235,0.8572615832121339,1.545308020367343,1.0210586404779196,363,688,1,0,Q2: High ICS & Low DERI (OVERLOOKED areas),1
E01001617,0.962342737184836,4.23233049744624,0.9245792644920008,0.6902140037398712,1.5451250072892038,0.4249908516527031,364,1492,1,0,Q2: High ICS & Low DERI (OVERLOOKED areas),1
E01000185,0.9580217822707672,4.993031890686225,0.9241637232495326,0.8782464159567838,1.5381873381666338,1.1286661387282397,366,587,1,0,Q2: High ICS & Low DERI (OVERLOOKED areas),1
E01001054,0.9577309372895092,4.781368266297338,0.9239559526282983,0.8398088510284646,1.5377203612399923,0.9328699130621839,367,772,1,0,Q2: High ICS & Low DERI (OVERLOOKED areas),1
E01000738,0.9530674719060412,3.875605822113726,0.9237481820070642,0.5682526490754207,1.5302327617536569,0.09500810079642451,368,2079,1,0,Q2: High ICS & Low DERI (OVERLOOKED areas),1
E01004452,0.9519416826297366,4.222059108640099,0.9235404113858301,0.6856430500727198,1.528425209104748,0.41548945921270636,369,1514,1,0,Q2: High ICS & Low DERI (OVERLOOKED areas),1
E01002294,0.9504272386555538,4.049185340909655,0.9231248701433618,0.6272595055059215,1.5259936375177963,0.2555752021644442,371,1795,1,0,Q2: High ICS & Low DERI (OVERLOOKED areas),1
E01003086,0.9496775640859793,4.352580649419732,0.9229170995221275,0.7259505505921463,1.5247899697599172,0.5362264310308639,372,1320,1,0,Q2: High ICS & Low DERI (OVERLOOKED areas),1
E01002240,0.9450859934584384,4.349993860890536,0.9222937876584251,0.7247039268647413,1.51741780356048,0.533833561532975,375,1326,1,0,Q2: High ICS & Low DERI (OVERLOOKED areas),1
E01004613,0.9445433055072674,4.834246855983292,0.922086017037191,0.8487429877415333,1.5165464708303533,0.9817844504983925,376,729,1,0,Q2: High ICS & Low DERI (OVERLOOKED areas),1
E01001655,0.9444358753973168,4.680761698434976,0.9218782464159568,0.8175773945564098,1.5163739824402958,0.8398053332528795,377,879,1,0,Q2: High ICS & Low DERI (OVERLOOKED areas),1
E01000443,0.9435915468883002,3.591430466085121,0.9214627051734885,0.45771867857884896,1.515018339545889,-0.1678640025153884,379,2611,1,0,Q2: High ICS & Low DERI (OVERLOOKED areas),1
E01004125,0.9427753980525456,4.369268449237309,0.9210471639310202,0.7325992104716393,1.5137079415690897,0.5516632271661744,381,1288,1,0,Q2: High ICS & Low DERI (OVERLOOKED areas),1
E01002306,0.9410990432841216,4.394289196067173,0.920839393309786,0.7440265946395179,1.511016408112561,0.5748082895583431,382,1233,1,0,Q2: High ICS & Low DERI (OVERLOOKED areas),1
E01002290,0.9373821173850184,4.377631502891044,0.9204238520673177,0.7375857053812591,1.5050485601359185,0.5593993431151091,384,1264,1,0,Q2: High ICS & Low DERI (OVERLOOKED areas),1
E01004535,0.9352053656750744,4.591261867181855,0.9200083108248494,0.7965925618117599,1.501553595845407,0.757014871700006,386,980,1,0,Q2: High ICS & Low DERI (OVERLOOKED areas),1
E01002413,0.931991265533461,3.917714017519245,0.919592769582381,0.5830043631830459,1.4963930783781414,0.13395964834651997,388,2008,1,0,Q2: High ICS & Low DERI (OVERLOOKED areas),1
E01000728,0.9310575991093436,4.087969745568073,0.9193849989611469,0.639725742779971,1.494893995686885,0.29145212749229943,389,1735,1,0,Q2: High ICS & Low DERI (OVERLOOKED areas),1
E01000731,0.9272866921352032,3.813949396330712,0.9191772283399128,0.5412424683149802,1.488839476396855,0.03797375920264395,390,2209,1,0,Q2: High ICS & Low DERI (OVERLOOKED areas),1
E01003335,0.923919141414077,4.67038626044555,0.9183461458549761,0.8146686058591315,1.4834325806709643,0.8302076916938869,394,893,1,0,Q2: High ICS & Low DERI (OVERLOOKED areas),1
E01002725,0.9215455351413911,3.6373862611925616,0.918138375233742,0.4760024932474548,1.4796215492497535,-0.1253532912134429,395,2523,1,0,Q2: High ICS & Low DERI (OVERLOOKED areas),1
E01003017,0.9188772082971194,4.116996126508422,0.9177228339912736,0.6507375857053812,1.4753373183043772,0.31830254096922067,397,1682,1,0,Q2: High ICS & Low DERI (OVERLOOKED areas),1
E01004129,0.9182180648287244,5.1424045655983175,0.9175150633700395,0.8994390193226678,1.4742790061074276,1.2668410662807217,398,485,1,0,Q2: High ICS & Low DERI (OVERLOOKED areas),1
E01003240,0.9149542063352956,4.540814898806548,0.9170995221275712,0.7841263245377104,1.4690385972763673,0.7103496686794233,400,1040,1,0,Q2: High ICS & Low DERI (OVERLOOKED areas),1
E01001724,0.9138601455413676,3.9420011136483177,0.916891751506337,0.592354041138583,1.4672819874669165,0.1564260582844138,401,1963,1,0,Q2: High ICS & Low DERI (OVERLOOKED areas),1
E01003321,0.9134956644248976,4.274650340721776,0.9166839808851028,0.7035113234988573,1.4666967813174006,0.4641381808551226,402,1428,1,0,Q2: High ICS & Low DERI (OVERLOOKED areas),1
E01004023,0.911942550231432,4.39458379482857,0.9164762102638687,0.7442343652607522,1.4642031213283206,0.5750808036747104,403,1232,1,0,Q2: High ICS & Low DERI (OVERLOOKED areas),1
E01003391,0.9112573111715464,4.574874428806549,0.9162684396426345,0.7926449200083108,1.4631029103884035,0.7418559203616087,404,999,1,0,Q2: High ICS & Low DERI (OVERLOOKED areas),1
E01001166,0.910429941645006,4.45421155821304,0.915645127778932,0.7614793268231872,1.461774496616127,0.6302385618832617,407,1149,1,0,Q2: High ICS & Low DERI (OVERLOOKED areas),1
E01003373,0.907458615709114,4.514824735406175,0.9154373571576979,0.7766465821732808,1.4570037742622761,0.6863078621908053,408,1076,1,0,Q2: High ICS & Low DERI (OVERLOOKED areas),1
E01003829,0.9065773977582586,3.96455834551627,0.9152295865364637,0.5987949303968418,1.4555889021588904,0.17729228352255164,409,1932,1,0,Q2: High ICS & Low DERI (OVERLOOKED areas),1
E01001396,0.90614707474559,4.585004610116613,0.9150218159152296,0.7945148555994183,1.454897981115488,0.7512266909489024,410,990,1,0,Q2: High ICS & Low DERI (OVERLOOKED areas),1
E01035710,0.9018799925557452,4.448940988827677,0.9139829628090588,0.760024932474548,1.448046809339646,0.6253631016063973,415,1156,1,0,Q2: High ICS & Low DERI (OVERLOOKED areas),1
E01002313,0.9015833481792236,4.389147924582846,0.9137751921878247,0.7409100353210056,1.447570520979247,0.5700524343439101,416,1248,1,0,Q2: High ICS & Low DERI (OVERLOOKED areas),1
E01003154,0.901517382113491,4.518985202375829,0.9133596509453563,0.778308747143154,1.4474646067203687,0.6901564390637489,418,1068,1,0,Q2: High ICS & Low DERI (OVERLOOKED areas),1
E01002285,0.9010594710233336,3.2413443447500567,0.9131518803241222,0.3214211510492416,1.446729390617853,-0.4917058596761458,419,3267,1,0,Q2: High ICS & Low DERI (OVERLOOKED areas),1
E01000360,0.9009980165356944,3.478939110952457,0.912944109702888,0.411593600664866,1.4466307200901998,-0.27192242454528076,420,2833,1,0,Q2: High ICS & Low DERI (OVERLOOKED areas),1
E01000464,0.9004447815519475,4.4169272789018095,0.9125285684604197,0.7512985663827135,1.4457424531814733,0.5957493047570324,422,1198,1,0,Q2: High ICS & Low DERI (OVERLOOKED areas),1
E01004126,0.8997795579327581,3.814046770353927,0.9123207978391855,0.5416580095574486,1.4446743787733307,0.03806383356605202,423,2207,1,0,Q2: High ICS & Low DERI (OVERLOOKED areas),1
E01001649,0.8966033184373612,4.283668740956252,0.9121130272179514,0.7068356534386038,1.439574649868186,0.47248051521963313,424,1412,1,0,Q2: High ICS & Low DERI (OVERLOOKED areas),1
E01002279,0.8939772595120435,3.9206498400556375,0.9116974859754831,0.5842509869104509,1.4353582837448307,0.13667538645934238,426,2002,1,0,Q2: High ICS & Low DERI (OVERLOOKED areas),1
E01004389,0.8936486210821325,4.961105191583818,0.9114897153542489,0.872013297319759,1.4348306261476036,1.0991328299215168,427,617,1,0,Q2: High ICS & Low DERI (OVERLOOKED areas),1
E01002593,0.8922970110675686,4.913923140437655,0.9112819447330147,0.8612092250155828,1.432660498652576,1.0554877890682595,428,669,1,0,Q2: High ICS & Low DERI (OVERLOOKED areas),1
E01033324,0.8912574960667129,4.77197586932824,0.9110741741117806,0.8371078329524205,1.4309914668604589,0.9241816186903185,429,785,1,0,Q2: High ICS & Low DERI (OVERLOOKED areas),1
E01002373,0.8911487648494059,3.86224072731089,0.9108664034905465,0.5616039891959277,1.4308168894293187,0.08264492254310103,430,2111,1,0,Q2: High ICS & Low DERI (OVERLOOKED areas),1
E01003253,0.8873984755747301,4.912453890383856,0.9104508622480781,0.8607936837731145,1.4247954736499246,1.0541286815885302,432,671,1,0,Q2: High ICS & Low DERI (OVERLOOKED areas),1
E01003331,0.8861891873769523,4.548414685090957,0.9102430916268439,0.7855807188863495,1.4228538562165431,0.7173797357240179,433,1033,1,0,Q2: High ICS & Low DERI (OVERLOOKED areas),1
E01000417,0.8847337500632045,3.981767600037076,0.9100353210056098,0.6037814253064616,1.420517024957659,0.193211443422741,434,1908,1,0,Q2: High ICS & Low DERI (OVERLOOKED areas),1
E01004677,0.8843686756475546,4.647175224098454,0.9098275503843757,0.8103054228132142,1.4199308662146812,0.8087366745378678,435,914,1,0,Q2: High ICS & Low DERI (OVERLOOKED areas),1
E01002484,0.8808008013872527,3.804320535680121,0.9096197797631415,0.5368792852690629,1.4142023336145573,0.029066727688403786,436,2230,1,0,Q2: High ICS & Low DERI (OVERLOOKED areas),1
E01003998,0.8775718813550973,4.360050833316985,0.9092042385206732,0.729690421774361,1.4090180215234045,0.5431366113527613,438,1302,1,0,Q2: High ICS & Low DERI (OVERLOOKED areas),1
E01002049,0.877085366348693,4.838101233127745,0.908996467899439,0.84957407022647,1.4082368793442515,0.9853498836206698,439,725,1,0,Q2: High ICS & Low DERI (OVERLOOKED areas),1
E01000935,0.8752449401372571,4.922459100937626,0.9085809266569707,0.8622480781217536,1.4052819149085256,1.0633838498730117,441,664,1,0,Q2: High ICS & Low DERI (OVERLOOKED areas),1
E01002252,0.8744967753617265,3.940319500127605,0.9083731560357365,0.5919384998961147,1.404080671256366,0.15487050720030468,442,1965,1,0,Q2: High ICS & Low DERI (OVERLOOKED areas),1
E01003819,0.8725924405608501,4.42873161641847,0.9081653854145024,0.7554539788073966,1.4010230960189896,0.6066687281531088,443,1178,1,0,Q2: High ICS & Low DERI (OVERLOOKED areas),1
E01003387,0.8703278819477565,3.801997157317576,0.9075420735508,0.5354248909204239,1.3973871501045445,0.026917521770316147,446,2237,1,0,Q2: High ICS & Low DERI (OVERLOOKED areas),1
E01002299,0.870204235839579,3.7745334049922334,0.9073343029295657,0.526490754207355,1.397188625518223,0.0015125941949962055,447,2280,1,0,Q2: High ICS & Low DERI (OVERLOOKED areas),1
E01000773,0.8679388441448541,3.1340486067261257,0.9071265323083316,0.279659256181176,1.3935513420187247,-0.5909581548959497,448,3468,1,0,Q2: High ICS & Low DERI (OVERLOOKED areas),1
E01000033,0.8675202681878466,4.499115932008989,0.9069187616870974,0.7718678578848951,1.392879281895411,0.6717766718467896,449,1099,1,0,Q2: High ICS & Low DERI (OVERLOOKED areas),1
E01000900,0.8671064845293246,4.185216265475426,0.9065032204446292,0.6729690421774361,1.3922149162243402,0.38140854589906203,451,1575,1,0,Q2: High ICS & Low DERI (OVERLOOKED areas),1
E01001484,0.8665536047139114,4.643015945637488,0.9062954498233949,0.8094743403282776,1.39132721956928,0.804889197076861,452,918,1,0,Q2: High ICS & Low DERI (OVERLOOKED areas),1
E01000889,0.8657064961070288,4.3280001710174885,0.9060876792021608,0.7193018907126533,1.3899671129858262,0.5134886322705875,453,1352,1,0,Q2: High ICS & Low DERI (OVERLOOKED areas),1
E01000974,0.865099763249194,4.372451104845442,0.9058799085809267,0.7346769166839808,1.3889929505848848,0.5546072944685588,454,1278,1,0,Q2: High ICS & Low DERI (OVERLOOKED areas),1
E01002301,0.8636906922363474,3.98951402766257,0.9056721379596925,0.6062746727612716,1.3867305644568773,0.20037715881595505,455,1896,1,0,Q2: High ICS & Low DERI (OVERLOOKED areas),1
E01002094,0.8622626039551656,4.837583103824558,0.9054643673384584,0.8493662996052358,1.3844376444496815,0.9848705959666679,456,726,1,0,Q2: High ICS & Low DERI (OVERLOOKED areas),1
E01000261,0.8622624114561159,4.286982612906921,0.9052565967172241,0.7078745065447746,1.384437335375706,0.4755459622096619,457,1407,1,0,Q2: High ICS & Low DERI (OVERLOOKED areas),1
E01000061,0.8617113059746677,4.0440593987502,0.90504882609599,0.6245584874298774,1.3835524875682288,0.25083352710950035,458,1808,1,0,Q2: High ICS & Low DERI (OVERLOOKED areas),1
E01001591,0.8615322401955069,4.491116127213016,0.9048410554747559,0.7695823810513194,1.3832649818775427,0.6643765737447233,459,1110,1,0,Q2: High ICS & Low DERI (OVERLOOKED areas),1
E01002331,0.8606800626822761,4.019916398410366,0.9046332848535217,0.6154165800955745,1.3818967367238522,0.22850041079609626,460,1852,1,0,Q2: High ICS & Low DERI (OVERLOOKED areas),1
E01002366,0.8606505466237208,3.0015485692845703,0.9044255142322876,0.23000207770621234,1.381849346123364,-0.7135253050454848,461,3707,1,0,Q2: High ICS & Low DERI (OVERLOOKED areas),1
E01001403,0.8604796325274485,4.3593750877460895,0.9042177436110534,0.7290671099106586,1.3815749286689123,0.5425115231607114,462,1305,1,0,Q2: High ICS & Low DERI (OVERLOOKED areas),1
E01000355,0.8590932851229653,3.6670537247388255,0.9040099729898192,0.4876376480365676,1.379349027271533,-0.0979098539945311,463,2467,1,0,Q2: High ICS & Low DERI (OVERLOOKED areas),1
E01002097,0.85859977211525,4.68359071258636,0.9038022023685851,0.8186162476625806,1.3785566491923111,0.8424222698889979,464,874,1,0,Q2: High ICS & Low DERI (OVERLOOKED areas),1
E01003350,0.8549348422193991,4.708516359765008,0.9031788905048826,0.8244338250571369,1.372672285323565,0.8654793617910833,467,846,1,0,Q2: High ICS & Low DERI (OVERLOOKED areas),1
E01000429,0.8530552240805757,4.3869923457853375,0.9029711198836484,0.7402867234573032,1.3696543948379503,0.5680584488686233,468,1251,1,0,Q2: High ICS & Low DERI (OVERLOOKED areas),1
E01000465,0.852033627400836,4.71907693424105,0.9025555786411802,0.827134843133181,1.368014132469631,0.8752482610492537,470,833,1,0,Q2: High ICS & Low DERI (OVERLOOKED areas),1
E01000954,0.8512415364482089,4.414378407800244,0.902347808019946,0.750675254519011,1.366742361517702,0.5933915102005204,471,1201,1,0,Q2: High ICS & Low DERI (OVERLOOKED areas),1
E01003741,0.846543735636223,4.2288022554550135,0.9021400373987118,0.6875129856638271,1.3591996335130236,0.4217271049077765,472,1505,1,0,Q2: High ICS & Low DERI (OVERLOOKED areas),1
E01002943,0.8460021029224062,3.060331641472231,0.9019322667774776,0.2526490754207355,1.3583299950582954,-0.6591489156180178,473,3598,1,0,Q2: High ICS & Low DERI (OVERLOOKED areas),1
E01002350,0.8456651931890826,3.699393483119581,0.9017244961562435,0.4980261790982755,1.3577890571636737,-0.0679944509667989,474,2417,1,0,Q2: High ICS & Low DERI (OVERLOOKED areas),1
E01004470,0.8437293189663084,4.029309012858787,0.9013089549137752,0.6191564512777893,1.3546808426398906,0.23718890634391163,476,1834,1,0,Q2: High ICS & Low DERI (OVERLOOKED areas),1
E01000912,0.8431291033081032,4.167211311551554,0.901101184292541,0.6654892998130064,1.353717144170079,0.36475333633358503,477,1611,1,0,Q2: High ICS & Low DERI (OVERLOOKED areas),1
E01003070,0.8399842114367717,5.118600771161025,0.9008934136713069,0.8956991481404529,1.348667746603231,1.2448217272430913,478,503,1,0,Q2: High ICS & Low DERI (OVERLOOKED areas),1
E01002309,0.8391422700697596,4.617130630363869,0.9006856430500727,0.8030334510700187,1.3473159364730407,0.7809443787577779,479,949,1,0,Q2: High ICS & Low DERI (OVERLOOKED areas),1
E01000431,0.8390609340164323,4.3741418182498695,0.9004778724288386,0.7357157697901516,1.347185344361588,0.5561712632620895,480,1273,1,0,Q2: High ICS & Low DERI (OVERLOOKED areas),1
E01002186,0.8390253804089414,4.3975244445325,0.9002701018076044,0.7446499065032205,1.3471282599508982,0.5778010070856551,481,1230,1,0,Q2: High ICS & Low DERI (OVERLOOKED areas),1
